{"cameraMode":{"drawMode":0,"name":"Shaded","section":"Shading Mode"},"sceneLighting":true,"audioPlay":false,"sceneViewState":{"m_AlwaysRefresh":false,"showFog":true,"showSkybox":true,"showFlares":true,"showImageEffects":true,"showParticleSystems":true,"showVisualEffectGraphs":true,"m_FxEnabled":true},"in2DMode":false,"pivot":{"x":-2.4904825687408449,"y":2.0470354557037355,"z":-21.302539825439454},"rotation":{"x":-0.0010540300281718374,"y":-1.00008225440979,"z":-0.0011705693323165179,"w":0.017798718065023423},"size":13.094461441040039,"orthographic":false}