{"cameraMode":{"drawMode":0,"name":"Shaded","section":"Shading Mode"},"sceneLighting":false,"audioPlay":false,"sceneViewState":{"m_AlwaysRefresh":false,"showFog":true,"showSkybox":false,"showFlares":true,"showImageEffects":true,"showParticleSystems":true,"showVisualEffectGraphs":true,"m_FxEnabled":true},"in2DMode":false,"pivot":{"x":-0.07133261114358902,"y":0.06454211473464966,"z":-0.6564414501190186},"rotation":{"x":0.18855468928813935,"y":0.10614697635173798,"z":-0.020464299246668817,"w":0.9761333465576172},"size":0.16057877242565156,"orthographic":false}