{"cameraMode":{"drawMode":0,"name":"Shaded","section":"Shading Mode"},"sceneLighting":false,"audioPlay":false,"sceneViewState":{"m_AlwaysRefresh":false,"showFog":true,"showSkybox":false,"showFlares":true,"showImageEffects":true,"showParticleSystems":true,"showVisualEffectGraphs":true,"m_FxEnabled":true},"in2DMode":false,"pivot":{"x":7.450580596923828e-9,"y":0.011112900450825692,"z":-1.4901161193847657e-8},"rotation":{"x":0.3405236005783081,"y":0.13800790905952454,"z":-0.050062354654073718,"w":0.9288793206214905},"size":0.11913789063692093,"orthographic":false}