{"cameraMode":{"drawMode":0,"name":"Shaded","section":"Shading Mode"},"sceneLighting":true,"audioPlay":false,"sceneViewState":{"m_AlwaysRefresh":false,"showFog":true,"showSkybox":false,"showFlares":true,"showImageEffects":true,"showParticleSystems":true,"showVisualEffectGraphs":true,"m_FxEnabled":true},"in2DMode":false,"pivot":{"x":0.35787391662597659,"y":3.3339171409606935,"z":0.9109499454498291},"rotation":{"x":0.1748938262462616,"y":0.013599014841020108,"z":-0.002401612466201186,"w":0.9845176935195923},"size":9.444334983825684,"orthographic":false}