{"cameraMode":{"drawMode":0,"name":"Shaded","section":"Shading Mode"},"sceneLighting":false,"audioPlay":false,"sceneViewState":{"m_AlwaysRefresh":false,"showFog":true,"showSkybox":false,"showFlares":true,"showImageEffects":true,"showParticleSystems":true,"showVisualEffectGraphs":true,"m_FxEnabled":true},"in2DMode":false,"pivot":{"x":-0.26100000739097597,"y":-0.11100000143051148,"z":1.8009999990463257},"rotation":{"x":0.23269425332546235,"y":-0.2290770709514618,"z":0.0565720796585083,"w":0.9435439705848694},"size":0.17320509254932404,"orthographic":false}